Reporter Name,Partner Name,Trade Flow,Product Group,Indicator,1989,1990,1991,1992,1993,1994,1995,1996,1997,1998,1999,2000,2001,2002,2003,2004,2005,2006,2007,2008,2009,2010,2011,2012,2013,2014,2015,2016,2017,2018,2019,2020,2021,2022
Singapore, World,Import,  All Products,AHS Weighted Average (%),3.26032842040675,,,,,,0.327477955626773,0.0486813852245594,0.0486335994986992,0.0461620220159724,0.046875305852449,0.0376198033112607,0.0396166872590767,0.039131599048247,0.0186093253490292,0,0.026397214386522,0.0149958046726062,0.00910169252285357,0.0469042554686481,0.0550550354328548,0.0481761657538385,0.160697824050274,0.0567058490915002,0.0721026058877335,0.0708085298381195,0.0740960351629107,0.0695146009182121,0.0740391931320007,0.236943969681334,0.387776860142419,0.0499530159482776,0.000235863732956237,0.0000873061150195331
Singapore,Afghanistan,Import,  All Products,AHS Weighted Average (%),0,,,,,,0,0,0,0,0,0,0,0,0,0,0,0,0,0,0,0,,0,0,0,0,0,0,0,0,0,0,0
Singapore,Albania,Import,  All Products,AHS Weighted Average (%),,,,,,,,,,,0,0,0,0,,,,,,,,,0,0,0,0,0,0,0,0,0,0,0,0
Singapore,Algeria,Import,  All Products,AHS Weighted Average (%),13.5610717097225,,,,,,0,0,0,0,0,0,0,0,0,0,0,0,0,0,0,0,0,0,0,0,0,0,0,0,0,0,0,0
Singapore,American Samoa,Import,  All Products,AHS Weighted Average (%),,,,,,,,,,,,0,0,0,,,,,,,,,0,0,0,0,0,0,0,0,0,0,0,0
Singapore,Andorra,Import,  All Products,AHS Weighted Average (%),,,,,,,,,,,0,0,0,0,,,,,,,,,0,0,0,0,0,0,0,0,0,0,0,0
Singapore,Angola,Import,  All Products,AHS Weighted Average (%),,,,,,,0,,,0,,0,0,0,0,0,0,0,0,3.46338467594983,0,0,0,0,0,0,0,0,0,0,0,0,0,0
Singapore,Anguila,Import,  All Products,AHS Weighted Average (%),,,,,,,,,,,0,,0,,,,,,,,,,,0,0,0,0,0,0,0,0,0,0,0
Singapore,Antarctica,Import,  All Products,AHS Weighted Average (%),,,,,,,,,,,,,,,,,,,,,,,,0,,,,,,,,,,0
Singapore,Antigua and Barbuda,Import,  All Products,AHS Weighted Average (%),,,,,,,,0,0,0,,,,0,0,0,0,0,0,0,0,0,0,0,0,0,0,0,0,0,0,0,0,0
Singapore,Argentina,Import,  All Products,AHS Weighted Average (%),4.17611125230619,,,,,,0,0,0,0,0.0018982434876939,0,0,0,0.000213829645265512,0,0,0.0000350443022701472,0.0551218054609629,0,0,0.00134338901884317,0.00157485039594493,0,0.00104045410395152,0.00102188287684046,0.000109200674117504,0.00177923427723807,0.0267535941130259,0.0862464053946658,0,0.0000180835187213844,0.0000158930708249462,0
Singapore,Armenia,Import,  All Products,AHS Weighted Average (%),,,,,,,,,,,,0,0,0,,,,,,,,,4.84420390728146,0.152683897753831,0,0,0,0,0,0,0,0,0,0
Singapore,Aruba,Import,  All Products,AHS Weighted Average (%),,,,,,,,,,,0,0,,0,,,,,,,,,0,0,0,0,0,0,0,0,0,0,0,0
Singapore,Australia,Import,  All Products,AHS Weighted Average (%),1.74942270134145,,,,,,0.45522308285063,0.0652475853690352,0.0656837878425006,0.066868676719338,0.068798047043319,0.0358647535767472,0.0254312104100394,0.0284059719027082,0.0432988165848035,0,0,0.0311377198552873,0,0,0,0,0.326320191688878,0,0,0,0,0,0,0,0,0,0,0
Singapore,Austria,Import,  All Products,AHS Weighted Average (%),0.0848204015531361,,,,,,0.0173072897412277,0.00434255499284885,0.00448549668505972,0.0770617708035088,0.0429326807704306,0.0629104126852826,0.00207774890756357,0.00309683371462988,0.0011516846194406,0,0.00314434827992985,0.00414944701261986,0.00257743714801542,0.0143296464959258,0.00271224589401465,0.0034610170075091,0.00316127937063423,0.00302860347893435,0.0393089557793651,0.0385883911546831,0.0254034205014587,0.067559794063999,0.0232572944452712,0.068589382513669,0.143124925021033,0.0488848808980014,0,0
Singapore,Azerbaijan,Import,  All Products,AHS Weighted Average (%),,,,,,,,,,,0,0,0,0,,,,,,,,,0,0,0,0,0,0,0,0,0,0,0,0
Singapore,"Bahamas, The",Import,  All Products,AHS Weighted Average (%),2.7530210005588,,,,,,0,0,0,0,0,0,0.633397549610108,0.000722748635606528,0.0181972113223392,0,0.00663323884556641,0.0267501866732715,0.000998958924505096,0.000323422378568452,0.00014248075574135,0.000733328313106942,0,0.000010904370794524,0.192331475398021,0.186703128491313,2.35061932343166,0,0,0,0,0,0,0
Singapore,Bahrain,Import,  All Products,AHS Weighted Average (%),12.7381202832229,,,,,,0.020956041921151,0.00209977636725707,0.00209906800398623,0.00186483688417944,0.00177593541001436,0.00152137719724505,0.00120220246509576,0.00163502910158865,0.000493401019811829,0,0,0,0,0,0,0,0,0,0,0,0,0,0,0,0,0,0,0
Singapore,Bangladesh,Import,  All Products,AHS Weighted Average (%),8.47265549880487,,,,,,0,0,0,0,0,0.0606234666777145,0,0,0,0,0,0,0.0198993328150385,0.00562282108901597,0,0,0,0,0,0,0,0,0,0,0,0,0,0
Singapore,Barbados,Import,  All Products,AHS Weighted Average (%),,,,,,,,,,,0,0,0,0,,,,,,,,,0,0,0,0,0,0,0,0,0,0.0171338138010012,0.0144902710674211,0
Singapore,Belarus,Import,  All Products,AHS Weighted Average (%),,,,,,,0,0,0,0,0,0,0,0,0,0,0,0,0,0.0000785952882080036,0,0,0,0.0131063559643838,0,0,0.00122112292226011,0.0603305857529379,0,0,0.00175065652050987,0.157050162876405,0.155055144103265,0.0162586858466932
Singapore,Belgium,Import,  All Products,AHS Weighted Average (%),,,,,,,,,,,0.733078670698437,1.13074678034125,0.980680127447272,1.25630063181833,1.13483771984489,0,0.878628050747667,0.664213051239381,0.864159870702158,4.72940108271302,4.42972086286556,2.95537185621003,2.25946983090447,2.33058671040302,2.23351893940687,2.19365231037746,3.21162107796524,2.98913595380193,2.77774878982253,8.9539763029566,39.4968368037973,4.96279358871121,0,0
Singapore,Belgium-Luxembourg,Import,  All Products,AHS Weighted Average (%),1.52238721782707,,,,,,1.95011566762251,0.226357595303995,0.225660614723419,0.39185664285487,,,,,,,,,,,,,,,,,,,,,,,,
Singapore,Belize,Import,  All Products,AHS Weighted Average (%),,,,,,,,,,,0,0,0,0,,,,,,,,,0,0,0,0,0,0,0,0,0,0,0,0
Singapore,Benin,Import,  All Products,AHS Weighted Average (%),,,,,,,0,0,0,0,0,,0,0,,,,0,0,0,0,0,0,0,0,0,0,0,0,0,0,0,0,0
Singapore,Bermuda,Import,  All Products,AHS Weighted Average (%),282.996564334794,,,,,,0,,,0,,0,0,0,0,,0,0,0,0,0,0,1.47452831205028,0,0,0,0.0345743196338868,0,0,0,0,0,0,0
Singapore,Bhutan,Import,  All Products,AHS Weighted Average (%),,,,,,,,,,,0,0,0,0,,,,,,,,,0,0,0,0,0,0,0,0,0.271855287138204,0,0,0
Singapore,Bolivia,Import,  All Products,AHS Weighted Average (%),,,,,,,,,,,0,0,0,0,,,,,,,,,0,0.00604911803110728,0,0,0,0,0,0,0,0,0,0.0283079907487369
Singapore,Bosnia and Herzegovina,Import,  All Products,AHS Weighted Average (%),,,,,,,,,,,0,0,0,0,,,,,,,,,0,0,0,0,0,0,0,0,0,0,0,0
Singapore,Botswana,Import,  All Products,AHS Weighted Average (%),,,,,,,,,,,,0,0,0,,,,,,,,,0,0,0,0,0,0,0,0,0,0,0,0
Singapore,Bouvet Island,Import,  All Products,AHS Weighted Average (%),,,,,,,,,,,,,,,0,0,,,0,0,0,,,,,,,,,,,,,
Singapore,Brazil,Import,  All Products,AHS Weighted Average (%),6.43489055527812,,,,,,0.00350743378041083,0.000847437045635248,0.000878726482497106,0.000720121591224061,0.00134508618717848,0.00136699220261245,0.000784971695258844,0.000168477932901207,0.00516043784386062,0,0.00000830306411485491,0.00282199422812828,0,0.00309751657438473,0.00522710798657561,0.00296969638899105,0.000059412644358929,0.0000522040839722462,0.00149320942999506,0.00146561976407605,0.000415029821695646,0.0000196392877085278,0.000623465043991695,0.00197480760243668,0.000979329972882319,0.000605677502279485,0.000581955482352647,0.000140414134893087
Singapore,British Indian Ocean Ter.,Import,  All Products,AHS Weighted Average (%),,,,,,,,,,,0,0,0,0,,,,,,,,,0,0,0,0,0,0,0,0,0,0,0,0
Singapore,British Virgin Islands,Import,  All Products,AHS Weighted Average (%),,,,,,,,,,,,,0,0,,,,,,,,,0,0,0,0,0,0,0,0,0,0,0,0
Singapore,Brunei,Import,  All Products,AHS Weighted Average (%),0.323458794879238,,,,,,0,0,0,0.0107349893714899,0,0,0,0,0,0,0,0,0,0,0,0,0,0,0,0,0,0,0,0,0,0,0,0
Singapore,Bulgaria,Import,  All Products,AHS Weighted Average (%),0.254061297087178,,,,,,0,0,0,0,0,0,0,0,0,0,0,0.00136323828393655,0.00000555107649282459,0.00136102936131165,0,0,0,0,0.000000129509520888651,0.000000125719582139548,0.0660258968581166,0.0673298910747678,0.00000116834719581268,0.00000113193526349232,0,0,0,0
Singapore,Burkina Faso,Import,  All Products,AHS Weighted Average (%),,,,,,,,,,,0,0,,0,,,,,,,,,,0,0,0,0,0,0,0,0,0,0,0
Singapore,Burundi,Import,  All Products,AHS Weighted Average (%),,,,,,,,,,,0,0,0,0,,,,,,,,,0,0,0,0,0,0,0,0,0,0,0,0
Singapore,Cambodia,Import,  All Products,AHS Weighted Average (%),,,,,,,0,0.00165637067492237,0.00164926760082965,0,0.00170020360730231,0.00178168342447577,0,0.0105737793854281,0,0,0.000155611697170612,0,0,0,0,0,0.000353601681535094,0,0,0,0,0,0,0,0,0,0,0
Singapore,Cameroon,Import,  All Products,AHS Weighted Average (%),0,,,,,,0,0,0,0,0,0,0,0,0,0,0,0,0.00225790867176058,0,0,0,0,0,0,0,0,0,0,0,0.0119185685719446,0,0,0
Singapore,Canada,Import,  All Products,AHS Weighted Average (%),0.760534216543695,,,,,,0.53893107517363,0.0201744971618342,0.0201827490625763,0.000638444651322849,0,0.000221282816300948,0.00023009720347489,0.0000429092453748609,0.000147017424988735,0,0.0145174273471356,0.00845226657630031,0.00600710961350317,0.0190791775298132,0.0303530063339251,0.0188632774180296,0.0299601747115322,0.00112974531946228,0.000114761905466452,0.000112707668422204,0.00109801670577405,0.00555075170259595,0.0366653720385623,0.11819271258772,0,0,0,0
Singapore,Cape Verde,Import,  All Products,AHS Weighted Average (%),,,,,,,,0,0,0,,,,,0,0,0,0,0,0,0,0,0,0,0,0,0,0,0,0,0,0,0,0
Singapore,Cayman Islands,Import,  All Products,AHS Weighted Average (%),,,,,,,,,,,0,0,,0,,,,,,,,,0,0,0,0,0,0,0,0,0,0,0,0
Singapore,Central African Republic,Import,  All Products,AHS Weighted Average (%),,,,,,,,,,,0,0,0,0,,,,,,,,,,0,0,0,0,0,0,0,0,0,0,0
Singapore,Chad,Import,  All Products,AHS Weighted Average (%),,,,,,,,,,,,0,0,0,,,,,,,,,,0,0,0,0,0,0,0,0,0,0,0
Singapore,Chile,Import,  All Products,AHS Weighted Average (%),0.000157566047920285,,,,,,0.00491878182859846,0,0,0,0,0,0,0.00000275075482914271,0.00160352561546514,0,0.00198150742278554,0,0,0,0,0,0,0,0,0,0,0,0,0,0,0,0,0
Singapore,China,Import,  All Products,AHS Weighted Average (%),4.84220047466,,,,,,0.567564906205828,0.0723657447264655,0.0734021979240663,0.0452301275857936,0.0340796384405885,0.0261958528543159,0.0215233380256265,0.0246775280661268,0.0264081760857623,0,0.00779803157089748,0.0183157283983705,0,0,0,0,0.0550831461549583,0,0,0,0,0,0,0,0,0,0,0
Singapore,Christmas Island,Import,  All Products,AHS Weighted Average (%),,,,,,,0,0,0,0,0,0,0,0,0,0,0,0,0,0,0,0,0,0,0,0,0,0,0,0,0,0,0,0
Singapore,Cocos (Keeling) Islands,Import,  All Products,AHS Weighted Average (%),,,,,,,,,,,0,0,0,0,,,,,,,,,,0,0,0,0,0,0,0,0,0,0,0
Singapore,Colombia,Import,  All Products,AHS Weighted Average (%),0.00257943476361677,,,,,,0.0639174937712467,0,0,0,0,0,0,0,0,0,0,0,0,0,0,0,0,0.0152225097461654,0.00166420013314144,0.00163404705669235,0,0,0,0,0,0,0,0
Singapore,Comoros,Import,  All Products,AHS Weighted Average (%),0,,,,,,0,,0,0,0,0,0,0,0,0,0,0,0,0,0,0,0,0,0,0,0,0,0,0,0,0,0,0
Singapore,"Congo, Dem. Rep.",Import,  All Products,AHS Weighted Average (%),,,,,,,0,0,0,0,0,0,0,,,,,,,,,,,0,0,0,0,0,0,0,0,0,0,0
Singapore,"Congo, Rep.",Import,  All Products,AHS Weighted Average (%),,,,,,,,,,,0,0,0,0,,,,,,,,,0,0,0,0,0,0,0,0,0,0,0,0
Singapore,Cook Islands,Import,  All Products,AHS Weighted Average (%),,,,,,,,,,,0,0,,0,,,,,,,,,,0,0,0,0,0,0,0,0,0,0,0
Singapore,Costa Rica,Import,  All Products,AHS Weighted Average (%),,,,,,,0,0,0,0,0,0,0,0,0,0,0,0,0,0.000002163911337841,0,0,0,0,0,0,0,0,0,0,0,0,0,0
Singapore,Cote d'Ivoire,Import,  All Products,AHS Weighted Average (%),0.0210782446210225,,,,,,0,0,0,0,0,0,0,0,0,0,0,0,0,0,0,0,,0,0,0,0,0,0,0,0,0,0,0
Singapore,Croatia,Import,  All Products,AHS Weighted Average (%),,,,,,,0,0,0,0,0,0,0,0,0,0,0,0,0,0,0.0000304173121366921,0.0176912902513914,0,0.00554209037011687,0.0161881424151795,0.0158991977436589,0.003749623462067,0.0140168782158541,0.00415898829421069,0.0134074617764916,0.111409438681144,0.0158971073085073,0,0
Singapore,Cuba,Import,  All Products,AHS Weighted Average (%),,,,,,,0,0,0,0,0,0,0,0,0,0,0.05117360473507,0.482933275317522,0.106418199035427,0,0.646135984517746,0,0.279402152030043,0,0,0,0,0.0214857443157074,0.00236509002406068,0.00762441532708693,0.00362692516577023,0,0,0
Singapore,Cura√ßao,Import,  All Products,AHS Weighted Average (%),,,,,,,,,,,,,,,,,,,,,,,0,0,0,0,0,0,0,0,0,0,0,0
Singapore,Cyprus,Import,  All Products,AHS Weighted Average (%),28.4374320234206,,,,,,0,0,0,0,0,0,0,0,0,0,0,0.00101518086536184,0,0.0000401461167466165,0,0.000210052947891313,0,0,0.00000199127812917238,0.00000193300579451925,0.000204643300073507,0.00109548614363238,0,0,0.00483463106086233,0,0,0
Singapore,Czech Republic,Import,  All Products,AHS Weighted Average (%),,,,,,,0.0138373116751557,0.00968279632563262,0.0096412732409952,0,0,0.0000861235440178877,0.00045899441154188,0.0000962911821629304,0.000317226296377979,0,0.00101157621787005,0.0000748540140395224,0,0.000209030305851924,0.00971099028349501,0.0203507821020516,0.357297439768287,0.100253082098834,0.0608840060368353,0.0597963130874619,0.207937070099422,0.26139021746766,0.2161573247043,0.696833187223867,1.7201968407711,0.28906685366755,0,0
Singapore,Czechoslovakia,Import,  All Products,AHS Weighted Average (%),1.74871034243951,,,,,,,,,,,,,,,,,,,,,,,,,,,,,,,,,
Singapore,Denmark,Import,  All Products,AHS Weighted Average (%),0.290765253167,,,,,,2.7684003589941,0.14397572812739,0.143358311820807,0.0698006214366481,0.0472417397222719,0.00523463557495718,0.0143556190313334,0.0445285752279474,0.0393141390022463,0,0.000964933778034628,0.000715967808170965,0.160909339089324,0.0491437247746582,0.00684141045568982,0.0102629113820968,0.101764591451181,0.162588244088673,2.01241181500567,1.97649108702307,0.799947111105493,0.516019986344136,0.321891114049914,1.03769053974593,0.450802886622337,0.104116252232453,0,0
Singapore,Djibouti,Import,  All Products,AHS Weighted Average (%),0,,,,,,0,0,0,0,0,0,0,0,0,0,0,0,0,0,0,0,0,0,0,0,0,0,0,0,0,0,0,0
Singapore,Dominica,Import,  All Products,AHS Weighted Average (%),,,,,,,,,,,0,0,0,0,,,,,,,,,0,0,0,0,0,0,0,0,0,0,0,0
Singapore,Dominican Republic,Import,  All Products,AHS Weighted Average (%),,,,,,,0,0,0,0,0,0,0,0,0,0,0,0,0,0,0,0,0,0,0.0000595632108001266,0.0000578201658171525,0,0,0,0,0,0,0,0
Singapore,East Asia & Pacific,Import,  All Products,AHS Weighted Average (%),1.69307828453624,,,,,,0.424047811465065,0.0691091916772581,0.0690244266733395,0.0709173972794752,0.0665409039853036,0.0498204564389678,0.053291669931152,0.0460957061214038,0.00682100875448093,0,0.0312858967450188,0.00867214369844913,0.0000315296021871007,0.00019759387155313,0.00087290165576629,0.00031706281523086,0.20543226754137,0.000256206724707372,0.00132520763997476,0.00130147343229372,0.00416166351412014,0.00443164177370054,0.0044986333705074,0.0145019326105243,0.0363914591350246,0.0000302573788502753,0.0000303818315991564,0.00000601368682208886
Singapore,East Timor,Import,  All Products,AHS Weighted Average (%),,,,,,,,,,,,0,0,0,,,,,,,,,0,0,0,0,0,0,0.00119888925665142,0.00386489712057506,0.000870012751950908,0.0938849279918638,0.0927551006689524,0
Singapore,Ecuador,Import,  All Products,AHS Weighted Average (%),0,,,,,,0,0,0,0,0,0,0,0,0,0,0,0,0,0,0,0,0.000593048280982328,0,0,0,0,0,0,0,0,0,0,0
Singapore,"Egypt, Arab Rep.",Import,  All Products,AHS Weighted Average (%),0.85345600616015,,,,,,0,0.00194860885636321,0.00194025256673912,0,0,0.000703324679719823,0,0,0.0151660233432561,0,0.0438564364516945,0.0329537806759032,0.243226217965268,2.48961730181628,1.95620986573124,1.14067634992756,1.07572866789975,0.345715005830468,0.247092118971166,0.242681733312309,0.000731587542072329,0,0.00186377783473077,0.00600831940638282,0.00261547342313379,0.00167476032427026,0.00170701291304044,0
Singapore,El Salvador,Import,  All Products,AHS Weighted Average (%),,,,,,,4.15112884703184,0,0,0,0,0,0,0,0,0,0,0.000729854499276345,0,0,0,0,0.417970245303923,0,0,0,0,0,0,0,0,0,0,0
Singapore,Equatorial Guinea,Import,  All Products,AHS Weighted Average (%),,,,,,,,,,,,,0,0,,,,,,,,,0,0,0,0,0,0,0,0,0,0,0,0
Singapore,Eritrea,Import,  All Products,AHS Weighted Average (%),,,,,,,,,,,0,0,,0,,,,,,,,,0,0,0,0,0,0,0,0,0,0,0,0
Singapore,Estonia,Import,  All Products,AHS Weighted Average (%),,,,,,,,,,,0,0,0,0,,,,,,,,0,2.46354975913529,1.56979893190578,5.03581615690432,4.94593109115828,7.37472077192793,0.00132445987363337,0,0,0,0.180572376785576,0,0
Singapore,Eswatini,Import,  All Products,AHS Weighted Average (%),,,,,,,,,,,,0,0,0,0,0,0,0,0,0,0,0,0,0,0.116884773906402,0.114798479399228,0,0,0,0,0,0,0,0
Singapore,Ethiopia(excludes Eritrea),Import,  All Products,AHS Weighted Average (%),,,,,,,0,0,0,0,0,0,0,0,0,0,0,0,0,0,0,0,0,0,0,0,0,0,0,0,0.0205169036599197,0,0,0
Singapore,Ethiopia(includes Eritrea),Import,  All Products,AHS Weighted Average (%),0,,,,,,,,,,,,,,,,,,,,,,,,,,,,,,,,,
Singapore,Europe & Central Asia,Import,  All Products,AHS Weighted Average (%),8.67861447120077,,,,,,0.398428455339513,0.0531287180721238,0.0530324783224681,0.0267033823412833,0.0581676211546826,0.0585716221587029,0.0637097353636076,0.0802426499487601,0.090430477995553,0,0.0549136473121464,0.0464468446139254,0.0492985012953842,0.286134184958102,0.305989197622744,0.284912680734139,0.303431544802988,0.341507462272096,0.434915924116752,0.427137949160979,0.414106567498992,0.376209799376011,0.35661580756492,1.14769302169849,2.18020307969568,0.319150162814065,0.00100458044872977,0.000188803615241158
Singapore,Faeroe Islands,Import,  All Products,AHS Weighted Average (%),,,,,,,,,,,0,,,0,,,,,,,,,,0,0,0,0,0,0,0,0,0,0,0.926880672707715
Singapore,Falkland Island,Import,  All Products,AHS Weighted Average (%),,,,,,,,,,,0,,,,,,,,,,,,,,,,0,0,,,,0,0,0
Singapore,Fiji,Import,  All Products,AHS Weighted Average (%),1.85890145665815,,,,,,0,0,0,0,0,0,0.0694493525393827,0,0,0,0,0,0,0,0,0,0,0,0,0,0,0.162800563266189,0.433843573586069,1.39859521555486,3.39518039880183,0.184314489958664,0.182516865041765,0.122689410015928
Singapore,Finland,Import,  All Products,AHS Weighted Average (%),0.258589617644384,,,,,,0.0115136519960758,0.00100458526594898,0.00102988977901727,0,0,0.00238381147078862,0.000615937563632193,0.00385699091649482,0.000595518197759065,0,0.000469321765743197,0.000431945876428806,0,0,0.0000947714217884646,0.00134831709788874,0.000615096633602317,0.000940338411975679,0.000510204141936817,0.000499387822411966,0.000737087606776059,0.0000494618797841941,0.00528332307885907,0.0170296298941012,0.0328706401223206,0.133302393038367,0,0
Singapore,Fm Sudan,Import,  All Products,AHS Weighted Average (%),0,,,,,,0,0,0,0,0,0,0,0,0,0,0,0,0,0,0,0,,,,,,,,,,,,
Singapore,Fr. So. Ant. Tr,Import,  All Products,AHS Weighted Average (%),,,,,,,,,,,,,,,0,0,0,0,,0,0,0,,,,,0,0,0,0,0,0,0,0
Singapore,France,Import,  All Products,AHS Weighted Average (%),22.4132021011004,,,,,,0.177575668760989,0.00209340760250728,0.00215892638295527,0.00254401651583136,0.00842399803489352,0.00260999318831839,0.00296407963138701,0.00270586958129904,0.00193395993431753,0,0.00170413735759175,0.00240719182971803,0.0014224805469785,0.00761556170331802,0.0211844902109494,0.0526496713807302,0.0676024336783286,0.108862119636947,0.0575614387461508,0.0565206383272521,0.041440873791479,0.0305697493258508,0.0208703420116161,0.065200519560982,0.148341522225401,0.035397145461865,0,0
Singapore,French Polynesia,Import,  All Products,AHS Weighted Average (%),0,,,,,,0,0,0,0,0,0,0,0,0,0,0,0,0,0,0,0,0,0,0,0,0,0,0.483421364901385,1.55842070555402,0,0,0,0
Singapore,Gabon,Import,  All Products,AHS Weighted Average (%),0,,,,,,0,0,0,0,0,0,0,0,0,0,0,0,0,0,0,0,0,0,0,0,0,0.0108032010474506,0,0,0,0,0,0
Singapore,"Gambia, The",Import,  All Products,AHS Weighted Average (%),,,,,,,,,,,0,0,,,,,,,,,,,0,0,0,0,0,0,0,0,0,0,0,0
Singapore,Georgia,Import,  All Products,AHS Weighted Average (%),,,,,,,,,,,0,0,0,0,,,,,,,,,0,0,0,0,0.368012472309198,0,0,0,20.3784613529259,0.286413718965928,0.286044677582067,0.424112150700916
Singapore,German Democratic Republic,Import,  All Products,AHS Weighted Average (%),0.12770817820098,,,,,,,,,,,,,,,,,,,,,,,,,,,,,,,,,
Singapore,Germany,Import,  All Products,AHS Weighted Average (%),2.51337415143822,,,,,,0.252062077483586,0.0242911468065453,0.024191038939384,0.0252061407207096,0.0194990335378353,0.0142979109802873,0.0181269825272325,0.019939939845065,0.0351157490814409,0,0.0297281295982911,0.0348907042763949,0.0486607682385747,0.359582069988744,0.528248151862976,0.585078731272096,0.529615934907845,0.511668468060546,0.536155255987468,0.526566721485609,0.418934968775545,0.381462013971713,0.437465925286668,1.40751339545891,2.65479919646183,0.25520538495206,0,0
Singapore,Ghana,Import,  All Products,AHS Weighted Average (%),0,,,,,,0,0,0,0,0,0,0,0,0,0,0.00247319483999037,0,0,0,0,0,0.00223714540327579,0.00146171456533892,0.00308884674369104,0.00303371343779077,0,0,0.000971675135126645,0.00313241978860877,0,0.000808568265994305,0.000830126725041116,0
Singapore,Gibraltar,Import,  All Products,AHS Weighted Average (%),,,,,,,,,,,,,0,0,,,,,,,,,0,0,0,0,0,0,0,0,0,0,0,0
Singapore,Greece,Import,  All Products,AHS Weighted Average (%),3.60195723461059,,,,,,0.0857938041956413,0.00475101120295404,0.00492643009198004,0.00429450444254202,0.00319954725369725,0.0990709474376617,0.459780362325323,0.474804983701167,0.0590437230771654,0,0.00291702487192707,0.00153968560453321,0.10659655327183,0.00123068406356724,0.00256639134225684,0.00440792968060546,0.00247833741095819,0.00411765540516643,0.00612958976399632,0.00601913951324075,0.0181096379400829,0.0444996185215059,0.0363859829362963,0.116389449968577,3.83335272532251,0.281055506950323,0,0
Singapore,Greenland,Import,  All Products,AHS Weighted Average (%),,,,,,,,,,,0,,,,,,,,,,,,,,,,0,0,,,,0,0,0
Singapore,Grenada,Import,  All Products,AHS Weighted Average (%),,,,,,,,,,,0,,0,0,,,,,,,,,,0,0,0,0,0,0,0,0,0,0,0
Singapore,Guam,Import,  All Products,AHS Weighted Average (%),,,,,,,,,,,,0,0,0,0,0,0,0,0,0,0,0,0,0,0.0460579236259192,0.0452358285842712,0,0,0,0,0,0,0,0
Singapore,Guatemala,Import,  All Products,AHS Weighted Average (%),0,,,,,,0,0,0,0,0,0,0,0,0,0,0,0,0,0,0,0,0,0,0,0,0.000535573287842506,0,0,0,0,0.0000111317895747858,0.00000982322166808142,0
Singapore,Guinea,Import,  All Products,AHS Weighted Average (%),,,,,,,0,0,0,0,0,0,0,0,0,0,0,0,0,0,0,0,0,0,0,0,0,0,0,0,0,0,0,0
Singapore,Guinea-Bissau,Import,  All Products,AHS Weighted Average (%),,,,,,,,,,,,,,,,,,,0,0,0,0,,,,,0,0,0,0,0,0,0,0
Singapore,Guyana,Import,  All Products,AHS Weighted Average (%),,,,,,,0,,,,0,0,0,,0,0,0,0,0,0,0,0,0,0,0,0,0,0,0,0,0,0,0,0
Singapore,Haiti,Import,  All Products,AHS Weighted Average (%),,,,,,,,,,,0,0,0,0,,,,,,,,,0,0,0,0,0,0,0,0,0,0,0,0.00201772860796965
Singapore,Holy See,Import,  All Products,AHS Weighted Average (%),,,,,,,,,,,,,,,,,,,,,,,,,,,0,0,0,0,0,0,0,0
Singapore,Honduras,Import,  All Products,AHS Weighted Average (%),0.239391255410283,,,,,,0,0,0,0,0,0,0,0,0,0,0,0,0,0,0,0,0,0,0,0,0.000952661821854089,0,0,0,0,0,0,0
Singapore,"Hong Kong, China",Import,  All Products,AHS Weighted Average (%),4.41389160190682,,,,,,3.35627766856336,0.51514042336354,0.513169477718538,0.557813682028603,0.158801580535284,0.000597462810835447,0.000214880730211725,0.000584713090169732,0.00144345707228066,0,0.0106069528007858,0.00367893239849067,0.00111431069836186,0.00892921534064868,0.039590345711127,0.0165578823650233,0.00858224534071766,0.0154428485054788,0.0782608900517431,0.0768592531690822,0.233675210222313,0.254284794326935,0.165634367563643,0.533958823920608,1.53033225105266,0,0,0
Singapore,Hungary,Import,  All Products,AHS Weighted Average (%),0.0552580184566172,,,,,,0,0,0,0,0,0,0,0,0,0,0,0,0,0,0,0,0.00000074212726018857,0,0,0,0,0.051462194395556,0,0,0,0.0000577425819167111,0,0
Singapore,Iceland,Import,  All Products,AHS Weighted Average (%),,,,,,,,,,,0,0,0,0,,,,,,,,,0,0,0,0,0,0,0,0,0,0,0,0
Singapore,India,Import,  All Products,AHS Weighted Average (%),1.22625747399738,,,,,,0.00455900111658351,0.00751139653073283,0.00749548735163684,0.0577420814725709,0.0329124052581657,0.0181234687022071,0.0325132612797034,0.0450217983516048,0.0381587320915351,0,0.0196689404502847,0.0183614972450836,0,0,0,0,0.301254631539114,0,0,0,0,0,0,0,0,0,0,0
Singapore,Indonesia,Import,  All Products,AHS Weighted Average (%),,,,,,,,,,,,,,,0,0,0.00442536458681644,0,0,0,0,0,0.00808441051528478,0,0,0,0,0,0,0,0,0,0,0
Singapore,"Iran, Islamic Rep.",Import,  All Products,AHS Weighted Average (%),1.58888059182941,,,,,,0,0,0,0,0,0,0,0,0,0,0,0,0.00000254942377253452,0,0,0,,0,0,0,0.0972811407596316,0.00194720776430218,0,0,0,0,0,0
Singapore,Iraq,Import,  All Products,AHS Weighted Average (%),0,,,,,,,,,,0,0,0,0,,,,,,,,,,0,0,0,0,0,0,0,0,0,0,0
Singapore,Ireland,Import,  All Products,AHS Weighted Average (%),2.70658187143946,,,,,,0.79249663281189,0.181840358779839,0.181074512983095,0.164916673043522,0.122864238656178,0.200282597341076,0.15450608802238,0.113041555711702,0.0984635759694112,0,0.0678522807566959,0.113655381170467,0.112079338882787,0.399024190251445,0.428022537355898,0.37975255120832,0.667281137865999,0.580468658399959,0.531620321945386,0.522131080458506,0.489362416816337,0.780238030508415,1.35793963654115,4.37763006282463,14.1516047490389,1.45650831767734,0,0
Singapore,Israel,Import,  All Products,AHS Weighted Average (%),0.0431269959004765,,,,,,0.00244055776299123,0,0,0.065341285508034,0.0173706962189838,0.000333522207988434,0.00000186699044120162,0,0,0,0,0,0,0.000289863645965003,0,0.000184642609029081,0,0.00000644266948453146,0.00012306359595309,0.000120666863361829,0,0,0.0000000549960106593423,0.0000000532820415368119,0,0.000022061468478571,0.00002085578219399,0
Singapore,Italy,Import,  All Products,AHS Weighted Average (%),2.49650375012333,,,,,,0.0924177066303713,0.00226511255494977,0.00232223794699749,0.00183520969149306,0.00254641348818333,0.00400363685066239,0.001413571956742,0.00508424910571483,0.00254794806024294,0,0.00264903039181835,0.00542987067131076,0.00403613402613151,0.013272567436101,0.0161365630748197,0.0560288596261848,0.0411708566489417,0.103663979413713,0.116059443215391,0.113978314921801,0.0955027276354693,0.1020444717862,0.125833852002097,0.402994219672791,1.04837093747018,0.0886093295125607,0,0
Singapore,Jamaica,Import,  All Products,AHS Weighted Average (%),261.719134096951,,,,,,0,0,0,0,0,0.154073476501225,0.028459746453281,3.0992012354791,0.326665898010394,0,0.651321338250096,0,0.00344875728248923,0.0193840685942631,0,0.622243515192966,0.323309595516745,0.961016981041729,0.328489449400462,0.321814869062097,5.7114525379962,8.21480374295198,8.40320778123329,27.0896860382206,51.9233194822473,0.583141099001801,0.58764302274111,0.637458509803361
Singapore,Japan,Import,  All Products,AHS Weighted Average (%),1.21114337909669,,,,,,0.0328180000552911,0.00639670932283919,0.00649221495058149,0.00846565962687666,0.00768574284202118,0.00577032714970266,0.0041409142615827,0.00636098363052842,0.00659285278347898,0,0,0.0100444711584928,0,0,0,0,0.0824898519829857,0,0,0,0,0,0,0,0,0,0,0
Singapore,Jordan,Import,  All Products,AHS Weighted Average (%),6.63725917583472,,,,,,0,0,0,0,0,0,0,0,0,0,0,0,0,0,0,0,0,0,0,0,0,0,0,0,0,0,0,0
Singapore,Kazakhstan,Import,  All Products,AHS Weighted Average (%),,,,,,,0,0,0,0,0,0,0,0,0,0,0,0,0,0,0,0,0,0,0,0,0,0,0,0,0,0,0,0
Singapore,Kenya,Import,  All Products,AHS Weighted Average (%),5.55232722827114,,,,,,0,0,0,0,0.109291355919844,0,0,0,0,0,0,0,0,0,0,0,0,0,0,0,0,0,0,0,2.74844715663236,0.591165192463895,0.58808191062107,0.160589967752615
Singapore,Kiribati,Import,  All Products,AHS Weighted Average (%),,,,,,,,,,,,0,,0,,,,,,,,,,0,0,0,0,0,0,0,0,0,0,0
Singapore,"Korea, Dem. Rep.",Import,  All Products,AHS Weighted Average (%),0.395788231201352,,,,,,0,0,0,0,0,0,0,0,0,0,0,0,0,0,0,0,,0,0,0,0,0,0,0,,,,
Singapore,"Korea, Rep.",Import,  All Products,AHS Weighted Average (%),0.949244600155231,,,,,,0.0391811270770714,0.00846331202870779,0.00845916109455438,0.0072159620649287,0.00473594827861988,0.00657493553140252,0.00685320494040646,0.00543839418573703,0.004990763230839,0,0.0382677646873079,0.024670306351429,0,0,0,0,0.152090844401532,0,0,0,0,0,0,0,0,0,0,0
Singapore,Kuwait,Import,  All Products,AHS Weighted Average (%),10.1904178135541,,,,,,0,0,0,0,0,0,0,0,0,0,0,0,0,0,0,0,0,0,0,0,0,0,0,0,0,0,0,0
Singapore,Kyrgyz Republic,Import,  All Products,AHS Weighted Average (%),,,,,,,,,,,0,,,0,,,,,,,,,0,0,0,0,0,0,0,0,0,0,0,0
Singapore,Lao PDR,Import,  All Products,AHS Weighted Average (%),,,,,,,0,0,0,0,0.0112775648890005,0,0.157662017433335,0,0,0,0,0,0,0,0,0,3.9495245298232,0,0,0,0,0,0,0,0,0,0,0
Singapore,Latin America & Caribbean,Import,  All Products,AHS Weighted Average (%),5.03420897849592,,,,,,0.291961755081576,0.0799082390031294,0.0812923193520348,0.104134180696265,0.116042653164667,0.15939429546639,0.149054902216507,0.160718245883843,0.119623529883753,0,0.177968100958138,0.381320061885324,0.206355479032444,0.255514522702583,0.188101923330052,0.151197511045384,0.122863576276686,0.144361266616881,0.121585470389689,0.119270650385398,0.240331846554654,0.387052111750685,0.673877796601908,2.09273927249987,0.010174141790049,0.00039361233950744,0.000372153084321815,0.000205770943468978
Singapore,Latvia,Import,  All Products,AHS Weighted Average (%),,,,,,,0,0,0,0,0,0,0,0,0,0,0,0.0000194536864449805,0,0,0,0,0.379016016554461,0,0.520599537225554,0.511307275122872,0.282911206323868,4.05837856377011,0.241947371814526,0.779905807734545,0.000203147504135404,2.53221820840556,0,0
Singapore,Lebanon,Import,  All Products,AHS Weighted Average (%),0,,,,,,0,1.50291890421524,1.53698502648693,0,0,0,0,0.0123760701416907,0,0,0.0226882363354222,0,0.0224808144387853,0,0,0.00294750094401994,0.0248972999025817,0.222524040440597,0.149150579162519,0.14648468928415,0,0,0,0,10.9823641392191,1.26364710036506,1.20381058578505,0.00415927856096665
Singapore,Lesotho,Import,  All Products,AHS Weighted Average (%),,,,,,,,,,,,0,0,0,,,,,,,,,0,0,0,0,0,0,0,0,0,0,0,0
Singapore,Liberia,Import,  All Products,AHS Weighted Average (%),0,,,,,,0,0,0,0,0,0,0,0,0,0,0,0,0,0,0,0,,0,0,0,0,0,0,0,0,0,0,0
Singapore,Libya,Import,  All Products,AHS Weighted Average (%),,,,,,,0,,0,,0,0,0,0,0,0,0,0,0,0,0,0,0,0,0,0,0,0,0,0,0,0,0,0
Singapore,Lithuania,Import,  All Products,AHS Weighted Average (%),,,,,,,0,0,0,0,0,0,0,0,0,0,0.00357729468635736,0.000250370832006323,0,0,0.000000723995039254122,0,0,0.00000259676516858389,0.0815347074560722,0.0800793793340856,0.109973581593591,0,0.000288781188763637,0.000930953029011369,1.24451285422401,0.00107166360814111,0,0
Singapore,Luxembourg,Import,  All Products,AHS Weighted Average (%),,,,,,,,,,,0,0,0,0,0,0,0.111949591620055,0.058166058112773,0.0346309030791574,0,0,0,0,0,0,0,0,0.00076780511922362,0.000281629584463024,0.00090789817660062,0,0,0,0
Singapore,Macao,Import,  All Products,AHS Weighted Average (%),11.0109823283786,,,,,,0,0.427863552657981,0.44366131567216,0.330769015566715,0,0,0,0,0,0,0,0,0,0,0,0,0,0,0,0,0,0,0.00186836932470811,0.00181014096789385,0,0,0,0
Singapore,Madagascar,Import,  All Products,AHS Weighted Average (%),0,,,,,,0,0,0,0,0,0,0,0,0,0,0,0,0,0,0,0,0,0,0,0,0,0,0,0,0,0,0,0
Singapore,Malawi,Import,  All Products,AHS Weighted Average (%),,,,,,,,,,,0,0,0,0,,,,,,,,,0,0,0,0,0,0,0,0,0,0,0,0
Singapore,Malaysia,Import,  All Products,AHS Weighted Average (%),1.46137051440477,,,,,,0.580177178672734,0.0946550221329543,0.0942537293878308,0.0972807528259521,0.165395771102224,0.137344330088943,0.128437951515632,0.0575767976888472,0,0,0.0895204989248413,0,0,0,0,0,0.531431023162421,0,0,0,0,0,0,0,0,0,0,0
Singapore,Maldives,Import,  All Products,AHS Weighted Average (%),1.57744718738754,,,,,,0,0,0,0,4.5096306613085,0,0,0,0.107903190244266,0,0.485145855046553,0,0,0,0,0,0,0,0.486643604530481,0.472402570812207,0,0,0.515303125595445,1.66119894334513,0,0,0,0
Singapore,Mali,Import,  All Products,AHS Weighted Average (%),,,,,,,,,,,0,0,0,0,,,,,,,,,0,0,0,0,0,0,0,0,0,0,0,0
Singapore,Malta,Import,  All Products,AHS Weighted Average (%),0.00161318677836123,,,,,,0,0,0,0,0,0,0,0,0,0,0,0,0,0.0000645887640000244,0,0,0,0.0464887181585182,0.06862731744004,0.0674023777782505,0,0,0,0,0.000225985755515202,0,0,0
Singapore,Marshall Islands,Import,  All Products,AHS Weighted Average (%),,,,,,,0,0,0,0,0,0,0,0,,0,0,0,0,0,0,0,0,0,0,0,0,0,0,0,0,0,0,0
Singapore,Mauritania,Import,  All Products,AHS Weighted Average (%),,,,,,,,,,,0,0,0,0,,,,,,,,,0,0,0,0,0,0,0,0,0,0,0,0
Singapore,Mauritius,Import,  All Products,AHS Weighted Average (%),2.5515507979639,,,,,,0,1.02717890040308,1.0227740120852,0,0,0,0,0.145655002827173,8.38132547033639,0,0.0896143104550971,0,0.545751328990632,0.524499458160802,0,0,0.00413275989136113,0.0043035569697245,0.00004888771227955,0.0000474570727879366,0.0151932473301013,0,0.00000305743497747194,0.00000296214899067571,0,0.0000829089251879381,0.0000713395149430596,0
Singapore,Mayotte,Import,  All Products,AHS Weighted Average (%),,,,,,,,,,,,,,,,,,,,,,,0,0,0,,,,,,,,,
Singapore,Mexico,Import,  All Products,AHS Weighted Average (%),12.0810983498623,,,,,,1.84802117447082,0.231708958391983,0.235643886129363,0.212180783043023,0.205787806272658,0.368814770574515,0.369024818703143,0.472719158948845,0.374326889264074,0,0.73080358452334,1.6133888284157,1.09323249066439,2.07303124514572,1.62267816828407,0.773881509506439,0.639649926878995,0.854099342033583,0.583460504457169,0.572335156204938,0.73637174095754,0.985290885793525,1.9482595308334,6.05067301471992,0,0,0,0
Singapore,"Micronesia, Fed. Sts.",Import,  All Products,AHS Weighted Average (%),,,,,,,,,,,0,,,,,,,,,,,,,0,0,0,0,0,0,0,0,0,0,0
Singapore,Middle East & North Africa,Import,  All Products,AHS Weighted Average (%),3.72902790874905,,,,,,0.000340706205909592,0.000697217059791476,0.000695503648989762,0.00233110449588211,0.000680834867361081,0.00004251481729459,0.0000230543560277429,0.0000125363371265165,0.000264910793542545,0,0.000609099651921956,0.000114864994358798,0.000613694223163282,0.00633810838685041,0.00388506681033403,0.00333628514597532,0.00321865907958686,0.0079557934488434,0.00158001424937697,0.00155180767714949,0.0000420667705453079,0.000049767712126617,0.0000199710390582414,0.0000643787910334523,0.000962014668032539,0.000174155685672049,0.000167258055643715,0.00000645425240449048
Singapore,Moldova,Import,  All Products,AHS Weighted Average (%),,,,,,,,,,,0,0,0,,,,,,,,,,0,0,0,0,0.0000400661185064219,0.000788656717641502,0,0,0,0,0,0
Singapore,Mongolia,Import,  All Products,AHS Weighted Average (%),,,,,,,0,0,0,0,0,0,0,0,0,0,0.251410296436901,0,0.00753193521535676,0.0368640779114228,0.0474164924208282,0.26167067139041,0.422226391833278,0.285772659841077,0.064509401570945,0.0633579632299142,0.00802338871939125,0.0626633412250244,0.0834616299059759,0.26905788946935,1.14051215751519,0.0188867194718337,0.0194928590561519,0
Singapore,Montenegro,Import,  All Products,AHS Weighted Average (%),,,,,,,,,,,,,,,,,,,,,,,0,0,0,0,0,0,0,0,0,0,0,0
Singapore,Montserrat,Import,  All Products,AHS Weighted Average (%),,,,,,,,,,,0,,0,,,,,,,,,,0,0,0,0,0,0,0,0,0,0,0,0
Singapore,Morocco,Import,  All Products,AHS Weighted Average (%),0.00947024736025622,,,,,,0,0,0,0,0,0,0,0,0,0,0,0,0,0.233212176335845,0,0,0,1.3605789474723,0,0,0,0,0.0040886929007726,0.013180848298907,0,0.00089757572730316,0.000923469886363228,0.00090809808679295
Singapore,Mozambique,Import,  All Products,AHS Weighted Average (%),1.13006206112915,,,,,,0,0,0,0,0,0,0,0,0,0,0,0,0,0,0,0,0,0,0,0,0,0,0,0,0,0,0,0.000129377561980116
Singapore,Myanmar,Import,  All Products,AHS Weighted Average (%),0.0737051076143993,,,,,,0,0,0,0.0027871667863929,0.00387623723252282,0.0111063335330773,0.00584218780105179,0.0656222637154865,0,0,0.824991830826426,0,0,0,0,0,0.690666339113653,0,0,0,0,0,0,0,0,0,0,0
Singapore,Namibia,Import,  All Products,AHS Weighted Average (%),,,,,,,,,,,,0,0,0,,,,,,,,,0.0258430215555632,0.0144646198802858,0,0,0.016809079194239,0,0,0,0,0,0,0.0029424562818145
Singapore,Nauru,Import,  All Products,AHS Weighted Average (%),0,,,,,,,,,,0,0,,,,,,,,,,,,0,0,0,0,0,0,0,0,0,0,0
Singapore,Nepal,Import,  All Products,AHS Weighted Average (%),1.99479528478345,,,,,,0,0,0,0,0,0,0,0,0,0,0,0.000294592351512853,0,0,0,0.00039971149226747,0,0.0609881202911149,0,0,0,0.000667042917099925,0,0,0,0,0,0.0285415121017889
Singapore,Netherlands,Import,  All Products,AHS Weighted Average (%),8.68699879246157,,,,,,3.24504829945334,0.535288139335459,0.533122284845569,0.127837606914871,0.318346669923027,0.0768489053583364,0.193422663862648,0.332019739781092,0.809992025666129,0,0.231464192959893,0.173111293847099,0.135741125869377,0.949005524651461,1.06041600531789,0.811768050481083,0.893118612592125,1.07204428906403,2.09524048501513,2.05783656303423,2.36020664938897,2.09840454772312,2.6250579900321,8.45911697309485,15.171641323833,2.36294088767521,0,0
Singapore,Netherlands Antilles,Import,  All Products,AHS Weighted Average (%),13.7342817435611,,,,,,0,0,0,0,0,0,0,0,0,0,0,0,0,0,0,0,,,,,,,,,,,,
Singapore,New Caledonia,Import,  All Products,AHS Weighted Average (%),0.466464151855882,,,,,,0,0,0,0,0,0,0,0,0,0,0,0,0,0,0,0,0,0.00874535400746983,0,0,0.666349049972721,0.0832707093415282,0.322573766635663,1.03989122842371,0.095240312472883,0.0371751404033547,0.0365996865548893,1.15878383832933
Singapore,New Zealand,Import,  All Products,AHS Weighted Average (%),0.30962561482067,,,,,,0.457450759277869,0.0457285404171785,0.0458425036415083,0.111694298877546,0.00620518274002032,0.024674050194569,0.0197297215139922,0.0404152079902375,0.0228240211686676,0,0,0.0136358512855103,0,0,0,0,0.243941425757135,0,0,0,0,0,0,0,0,0,0,0
Singapore,Nicaragua,Import,  All Products,AHS Weighted Average (%),,,,,,,,,,,0,0,0,0,,,,,,,,,0,0,0,0,0,0,0,0,0,0,0,0
Singapore,Niger,Import,  All Products,AHS Weighted Average (%),,,,,,,,,,,0,0,0,,,,,,,,,,0,0,0,0,0,0,0,0,0,0,0,0
Singapore,Nigeria,Import,  All Products,AHS Weighted Average (%),0,,,,,,0,0,0,0,0,0,0,0,0,0,0,0,0,0,0,0,0,0,0.0000982785724143976,0.0000954025694206098,0.00525013757092599,0.00812752179655513,0,0,0,0.000260340612718411,0.000269813733819721,0
Singapore,Niue,Import,  All Products,AHS Weighted Average (%),,,,,,,,,,,0,,,,,,,,,,,,,,,,0,0,0,0,0,0,0,0
Singapore,Norfolk Island,Import,  All Products,AHS Weighted Average (%),,,,,,,,,,,0,0,,0,,,,,,,,,,0,0,0,0,0,0,0,0,0,0,0
Singapore,North America,Import,  All Products,AHS Weighted Average (%),3.86852203582466,,,,,,0.096365851255871,0.00607670653939752,0.00608528381412636,0.00380066134687134,0.00395663443983262,0.00382685182193973,0.00328134842155797,0.00344463311353966,0.00229015970599203,0,0.000488049488835703,0.00309678525038667,0.000192842855293221,0.000555041409753319,0.000971465950242837,0.000546067378685654,0.0191003588960573,0.0000350580071507681,0.00000354359035819477,0.00000348016012362471,0.0000352017854492047,0.000218247858879644,0.00138484539231397,0.00446412034930526,0,0,0,0
Singapore,North Macedonia,Import,  All Products,AHS Weighted Average (%),,,,,,,,,,,0,0,0,0,,,,,,,,,0,0,0,0,0,0,0,0,0,0,0,0
Singapore,Northern Mariana Islands,Import,  All Products,AHS Weighted Average (%),,,,,,,0,0,0,0,0,0,0,0,0,0,0,0,0,0,0,0,0,0,0,0,0,0,0,0,0,0,0,0
Singapore,Norway,Import,  All Products,AHS Weighted Average (%),0.0505107896616662,,,,,,0.00069982519009807,0.000673994506075354,0.000698880022529588,0.0037814216056578,0,0.00178183907822955,0.0000968268776147951,0.00108634224871199,0.00039744534284745,0,0,0.00134538462842329,0,0,0,0,0.0000627874232565318,0,0,0,0,0,0,0,0,0,0,0
Singapore,Oman,Import,  All Products,AHS Weighted Average (%),0.693820582431768,,,,,,0,0,0,0,0,0,0,0,0,0,0,0,0,0,0,0,0,0,0,0,0,0,0,0,0,0,0,0
Singapore,Pakistan,Import,  All Products,AHS Weighted Average (%),1.17427206109151,,,,,,0,0,0,0,0,0.0352244141616355,0,0,0,0,0,0.0701944929239161,0,0,0,0,0,0,0,0,0,0,0,0,0,0,0,0
Singapore,Palau,Import,  All Products,AHS Weighted Average (%),,,,,,,,,,,,0,,,,,,,,,,,,0,0,0,0,0,0,0,0,0,0,0
Singapore,Panama,Import,  All Products,AHS Weighted Average (%),0,,,,,,0,0,0,0,0,0,0,0,0,0,0.0000513695937893303,0,0,0,0,0,0,0,0,0,0,0,0,0,0,0,0,0
Singapore,Papua New Guinea,Import,  All Products,AHS Weighted Average (%),0.00186802265143141,,,,,,0.160495120269111,0,0,0,0,0,0,0.00000860606297035839,0,0,0.000459060014692999,0.0000993119485449008,0.00029745143055958,0,0.00124109338301109,0,0,0,0.00100533775430639,0.000986885315814953,0,0,0.000138381391654303,0.000446104458087902,0.0000179030365453671,0,0,0.000144979856637594
Singapore,Paraguay,Import,  All Products,AHS Weighted Average (%),0,,,,,,0,0,0,0,0,0,0,0,0,0,0,0,0,0,0,0,0,0,0,0,0,0,0,0,0,0,0,0
Singapore,Peru,Import,  All Products,AHS Weighted Average (%),0.0191320398730476,,,,,,0.060031357197591,0,0,0,0,0.259957244362466,0.0387302891094301,0.014165612340242,0,0,0,0,0,0,0,0,0,0,0,0,0,0,0,0,0,0,0,0
Singapore,Philippines,Import,  All Products,AHS Weighted Average (%),1.3546029878663,,,,,,0.134638509304815,0.019209755613259,0.0191273777255736,0.0190965679219953,0.0145084956627907,0.0138152370533018,0.0451193907689743,0.0440327061659544,0,0,0.0121044026631176,0,0,0,0,0,0.208350571903527,0,0,0,0,0,0,0,0,0,0,0
Singapore,Pitcairn,Import,  All Products,AHS Weighted Average (%),,,,,,,,,,,,0,0,,,,,,,,,,,0,0,0,0,0,,,0,0,0,0
Singapore,Poland,Import,  All Products,AHS Weighted Average (%),0.473074649863309,,,,,,0.00889648860094499,0,0,0,0,0,0,0.000779714062351181,0,0,0.00100943993415544,0,0,0.0000593587406316508,0.157274041632456,3.05139731373622,0.700189007737463,0.00148300415052789,0.0767384152037707,0.0753642155188381,0.0359666073305474,0.0330677297325993,0.0233765640655233,0.0753586202494464,0.469662128265084,0.522523121280989,0,0
Singapore,Portugal,Import,  All Products,AHS Weighted Average (%),17.194858172483,,,,,,0.532530523247322,0.0277872400630078,0.027668079039459,0,0,0.0253647814542126,0.028998206511955,0.00551244741465346,0.00273927621182316,0,0,0.00889835161132335,0.00589069838114324,0.000000731106937668779,0.0632278759246156,0.0933195954002596,0.0810033396804217,0.200994225993921,0.394748361766917,0.387702436867154,0.0103757210951762,0.00128935267656455,0.00400381670081991,0.0128252251567742,0.00585238047962279,0.0440977633013846,0,0
Singapore,Qatar,Import,  All Products,AHS Weighted Average (%),1.89041082841168,,,,,,0,0,0,0,0,0,0,0,0,0,0,0,0,0,0,0,0,0,0,0,0,0,0,0,0,0,0,0
Singapore,Reunion,Import,  All Products,AHS Weighted Average (%),40.8645626051533,,,,,,0,,,,,,,,,,,,,,,,,,,,,,,,,,,
Singapore,Romania,Import,  All Products,AHS Weighted Average (%),0.0955027030765251,,,,,,0,0,0,0,0,0,0,0,0,0,0,0,0,0,0,0,0,0,0,0,0,0.00358752527593611,0,0,0.0000067888521297228,0,0,0
Singapore,Russian Federation,Import,  All Products,AHS Weighted Average (%),,,,,,,0.29158357392858,0,0,0.00328012857106868,0.00141488552321972,0.00121940549144447,0,0.0000701110080232163,0.0000770596627043595,0,0.0000453640972585555,0.00000223879952630323,0,0,0,0.000127283223018922,0.00115930764828128,0.000302309134146705,0.00000406575723569138,0.00000399318690249196,0.00256090406612288,0.0071331618488885,0.000128338842914469,0.00035929516580814,0.0859206194544254,0.00593205783485598,0.00610291745999777,0.00848326511463457
Singapore,Rwanda,Import,  All Products,AHS Weighted Average (%),,,,,,,,,,,,0,0,0,,,,,,,,,,0,0,0,0,0,0,0,0,0,0,0
Singapore,Saint Helena,Import,  All Products,AHS Weighted Average (%),,,,,,,,,,,,,0,,,,,,,,,,0,0,0,0,0,0,0,0,0,0,0,0
Singapore,Saint Pierre and Miquelon,Import,  All Products,AHS Weighted Average (%),,,,,,,,,,,,,,,,,,,,,,,,,,,,,0,,,0,0,0
Singapore,Samoa,Import,  All Products,AHS Weighted Average (%),,,,,,,0,,0,0,0,0,0,0,,0,0,0,0,0,0,0,0,0,0,0,0.49433036618938,0,0,0,0,0,0,0
Singapore,San Marino,Import,  All Products,AHS Weighted Average (%),,,,,,,,,,,,,,,,,,,,,,,,0,0,0,0,0,0,0,0,0,0,0
Singapore,Sao Tome and Principe,Import,  All Products,AHS Weighted Average (%),,,,,,,,,,,,0,,,,,,,,,,,0,0,0,0,0,0,0,0,0,0,0,0
Singapore,Saudi Arabia,Import,  All Products,AHS Weighted Average (%),3.02292091599626,,,,,,0,0,0,0,0,0,0,0,0,0,0,0,0,0,0,0,0,0,0,0,0,0,0,0,0,0,0,0
Singapore,Senegal,Import,  All Products,AHS Weighted Average (%),,,,,,,,,,,0,0,0,0,,,,,,,,,0,0,0,0,0,0,0,0,0,0,0,0
Singapore,"Serbia, FR(Serbia/Montenegro)",Import,  All Products,AHS Weighted Average (%),,,,,,,,,,,0,0,0.116451385929398,0,,,,,,,,,0,0,0,0,0,0,0,0,0.381873454002484,0.161332953800471,0.164121898951688,0
Singapore,Seychelles,Import,  All Products,AHS Weighted Average (%),0.06306951870209,,,,,,0,0,0,0.106770156440073,0,0,0,0,0,0,0,0,0,0,0,0.0920128635185555,0,0,0,0,0,0,0,0,0,0,0,0
Singapore,Sierra Leone,Import,  All Products,AHS Weighted Average (%),,,,,,,,,,,0,0,,0,,,,,,,,,,0,0,0,0,0,0,0,0,0,0,0
Singapore,Slovak Republic,Import,  All Products,AHS Weighted Average (%),,,,,,,,,,,0,0,0,0,,,,,0,0,0,0,0,0.00846324108767564,0,0,0,0,0,0,0.000870741254410895,0,0,0
Singapore,Slovenia,Import,  All Products,AHS Weighted Average (%),,,,,,,0,0,0,0,0,0,0,0.00335868954661018,0,0,0,0,0,0,0,0,0,0.0254889467320567,0.00304156897455886,0.00298727953691239,0.0666087314511615,0.0761374627470603,0.187500684852383,0.604451873241308,0.0110712873566116,0.0519390706496861,0,0
Singapore,Solomon Islands,Import,  All Products,AHS Weighted Average (%),0,,,,,,0,0,0,0,0,0,0,0,0,0,0,0,0,0,0,0,0,0,0,0,0,0.0549572882544557,0,0,0,0,0,0
Singapore,Somalia,Import,  All Products,AHS Weighted Average (%),0,,,,,,,,,,0,0,0,0,,,,,,,,,,0,0,0,0,0,0,0,0,0,0,0
Singapore,South Africa,Import,  All Products,AHS Weighted Average (%),0,,,,,,0.093610953116337,0.30649117852299,0.305289612255446,0.00174221456926179,0.00377565941311034,0.000195489856592276,0.0145390520840251,0.0191262625370435,0.00692484618540092,0,0.0189872196274338,0.0280328537946077,0.00000111501874385742,0.02315039843062,0.00711392478378925,0.0147732930701494,0.00446738353406437,0.00341160011168463,0.00351226134870566,0.00344907250743391,0.00542321627208201,0.00716259653520345,0.00868683031395912,0.0280009615476359,0.260904738153017,0.0201188028844646,0.0197562359490119,0.00145543840923027
Singapore,South Asia,Import,  All Products,AHS Weighted Average (%),2.19100866880323,,,,,,0.011581305992675,0.00939048010248815,0.00948390284784703,0.0574755121915076,0.0402706774515132,0.0257857872707497,0.031544279231753,0.0415063431918031,0.0350119110685813,0,0.0193282306603501,0.0187137780275078,0.000399272529390645,0.000173812297084393,0.00132205435772106,0.00186556612316161,0.296337467456179,0.00222702954235845,0.00436403140139956,0.0042854066133852,0.00932668816760102,0.00000813291343692452,0.000112693921077822,0.000358532491072319,0.00326791647836382,0.000581341465289199,0.000569476959635467,0.00346928656359559
Singapore,South Sudan,Import,  All Products,AHS Weighted Average (%),,,,,,,,,,,,,,,,,,,,,,,,,0,0,0,0,0,0,0,0,0,0
Singapore,Soviet Union,Import,  All Products,AHS Weighted Average (%),4.63698251273024,,,,,,,,,,,,,,,,,,,,,,,,,,,,,,,,,
Singapore,Spain,Import,  All Products,AHS Weighted Average (%),1.59032832561779,,,,,,0.00261234832029663,0,0,0,0.0747450119143846,0.0285254526560121,0.0544530015559015,0.0267709402116149,0.0389888030587347,0,0.0222673108894192,0.00243750678154461,0.00061216525776635,0.0119555260946744,0.00825838270911005,0.0288292147571162,0.0382460872368616,0.0930290164390917,0.208408233237639,0.204686043813386,0.583624923316561,0.423920164620234,0.458210626727611,1.4757767165323,4.51874248260696,1.03597077893986,0,0
Singapore,Sri Lanka,Import,  All Products,AHS Weighted Average (%),5.44741917514124,,,,,,0.151469189829144,0.0750203118446784,0.0777902442224414,0.164209385018473,0.144217515851594,0.119146575114796,0.123240319848204,0.0727874749157313,0.0404065047029648,0,0.0182269021250538,0.0506180407009494,0.0107842013908774,0.0135845420050517,0.100835794032008,0.204647130981033,0.19331306108011,0.353475375821581,0.289439944407288,0.284273685826361,0.55401267125544,0.000498880116526571,0.00150724379362218,0.00457188842741622,0.173154231753704,0.0241215910096646,0.0237305024554628,0.177955718888137
Singapore,St. Kitts and Nevis,Import,  All Products,AHS Weighted Average (%),,,,,,,,,,,,,,0,,,,,,,,,0,0,0,0,0,0,0,0,0,0,0,0
Singapore,St. Lucia,Import,  All Products,AHS Weighted Average (%),,,,,,,,,,,0,,0,0,,,,,,,,,0,0,0,,0,0,0,0,0,0,0,0
Singapore,St. Vincent and the Grenadines,Import,  All Products,AHS Weighted Average (%),,,,,,,0,,,,,,,,0,0,,0,,0,0,0,0,0,0,0,0,0,,,0,0,0,0
Singapore,Sub-Saharan Africa,Import,  All Products,AHS Weighted Average (%),0.473167018392334,,,,,,0.0459472510618737,0.254750677894193,0.253729764207457,0.00048691865362421,0.010843306552712,0.000120495440440741,0.00743562775134846,0.00985868036506432,0.166619569985652,0,0.0140580477404175,0.0178567167032196,0.00824373592090296,0.0407158833761144,0.00434043389367091,0.00905022557572343,0.00251307810761316,0.00244094869232872,0.00175335667459198,0.0017218802578941,0.00198031037118032,0.00219483210714715,0.00271953693445222,0.00876608188485561,0.05747601094534,0.00535642199692388,0.00530427965777909,0.00118592790866779
Singapore,Sudan,Import,  All Products,AHS Weighted Average (%),,,,,,,,,,,,,,,,,,,,,,,,0,0,0,0,0,0,0,0,0,0,0
Singapore,Suriname,Import,  All Products,AHS Weighted Average (%),,,,,,,,,,,0,0,,0,,,,,,,,,0,0,0,0,0,0,0,0,0,0,0,0
Singapore,Sweden,Import,  All Products,AHS Weighted Average (%),2.5110549559451,,,,,,0.129763213103309,0.00581892719087918,0.005871286977684,0.0113887940463082,0.0175922901056769,0.0163243339506926,0.0106265844021278,0.0210823575472699,0.0272744188128899,0,0.0453387198801338,0.126695845212773,0.0381313934292851,0.0557372433976788,0.0554455148874968,0.0439202753551271,0.0446252436378452,0.0269197958435499,0.0405803619740263,0.0395445886123976,0.0456128748233708,0.0425733813079346,0.0308149721278853,0.0992852176684849,0.11927547427069,0.0181084030198653,0,0
Singapore,Switzerland,Import,  All Products,AHS Weighted Average (%),0.538599783891599,,,,,,0.00908348433609086,0,0,0.000437689355439783,0.000140052841630374,0.000165741426355206,0.0000719281708935579,0.000024607860370303,0.00010493538227995,0,0,0.00222526844106449,0,0,0,0,0.00669699920872733,0,0,0,0,0,0,0,0,0,0,0
Singapore,Syrian Arab Republic,Import,  All Products,AHS Weighted Average (%),0,,,,,,0,0,0,0,0,0,0,0,0,0,0,0,0,0,0,0,0,0,0,0,0,0,0,0,0,0,0,0
Singapore,Tajikistan,Import,  All Products,AHS Weighted Average (%),,,,,,,,,,,0,0,0,0,,,,,,,,,,0,0,0,0,0,0,0,0,0,0,0
Singapore,Tanzania,Import,  All Products,AHS Weighted Average (%),0,,,,,,0,0,0,0,0.230891123882306,0,0,0,0,0,0,0,0,0.00090270742210502,0,0,0,0,0,0,0,0,0,0,0,0,0,0
Singapore,Thailand,Import,  All Products,AHS Weighted Average (%),0.861386789124068,,,,,,0.0370957049787206,0.013756041598218,0.0139040887234896,0.0190954029362709,0.0168140625082815,0.0120114257342858,0.0484205533679557,0.214919022478679,0,0,0.0242552106958862,0,0,0,0,0,0.285347114308399,0,0,0,0,0,0,0,0,0,0,0
Singapore,Togo,Import,  All Products,AHS Weighted Average (%),,,,,,,,,,,0,0,0,0,,,,,,,,,0,0,0,0,0,0,0,0,0,0,0,0
Singapore,Tokelau,Import,  All Products,AHS Weighted Average (%),,,,,,,,,,,0,0,0,0,,,,,,,,,0,0,0,0,0,0,0,0,0,0,0,0
Singapore,Tonga,Import,  All Products,AHS Weighted Average (%),,,,,,,,,,,0,,0,0,,,,,,,,,0,0,0,0,0,0,0,0,0,0,0,0
Singapore,Trinidad and Tobago,Import,  All Products,AHS Weighted Average (%),154.664592340599,,,,,,29.270000381987,1.95575683837067,2.02796813763654,1.63243332233633,0.199539183101968,0.0198958653937351,0.0441747484416404,0.00754626087708713,0,0,0,0.240585044458359,0.83124268860959,0.11474930615333,0.332545627868026,0.0282540911764704,0.0621823684332932,0.000193760398516435,0.000407075406989875,0.000395162839881516,0.00113885502604201,0.016476354845617,0.049977865420466,0.0484202884778172,0.00231273435175888,0.0188049014737314,0.0170796184543226,0.00352971524500486
Singapore,Tunisia,Import,  All Products,AHS Weighted Average (%),0.477847285677468,,,,,,0,0,0,0,0,0,0,0,0,0,0,0,0,0,0,0,0,0,0,0,0,0,0,0,0,0,0,0
Singapore,Turkey,Import,  All Products,AHS Weighted Average (%),49.7371667632851,,,,,,0,0,0,0,0,0,0,0.00009810935901198,0.000113909268091885,0,0.260987153755943,0.195478259152201,0.0127386557529539,0.0785199468187177,0.0659354490142076,0.0480078261361962,0.0579185143510796,0.0979042638236026,0.0931499491618969,0.0914873012327865,0.074112726678844,0.0107870251401439,0.00829567867298621,0,0,0,0,0
Singapore,Turkmenistan,Import,  All Products,AHS Weighted Average (%),,,,,,,,,,,0,0,0,0,,,,,,,,,0,0,0,0,0,0,0,0,0,0,0,0
Singapore,Turks and Caicos Isl.,Import,  All Products,AHS Weighted Average (%),,,,,,,,,,,0,0,0,0,,,,,,,,,0,0,0,0,0,0,0,0,0,0,0,0
Singapore,Tuvalu,Import,  All Products,AHS Weighted Average (%),,,,,,,,,,,0,0,0,0,,,,,,,,,,0,0,0,0,0,0,0,0,0,0,0
Singapore,Uganda,Import,  All Products,AHS Weighted Average (%),0,,,,,,,,,,0,0,0,0,,,,,,,,,0,0,0,0,0,0,0,0,0,0,0,0
Singapore,Ukraine,Import,  All Products,AHS Weighted Average (%),,,,,,,0,0,0,0,0,0,0,0,0,0,0,0.00000530600715723808,0,0,0,0,0,0.00608236138752464,0.00850254620436458,0.00835027435580334,0.0456093531398515,0.0480071841185648,0,0,0.607020755119126,0.294159168313358,0.286794023413483,0
Singapore,United Arab Emirates,Import,  All Products,AHS Weighted Average (%),1.78393152402176,,,,,,0,0.00393930903924534,0.00392241595824388,0,0,0.000000301376649412508,0,0.00000118144277225125,0.000661706423386722,0,0.000019425468733315,0,0.0000343840587881436,0.00000330523619465278,0.000059921970203519,0.0038955361580507,0.00723120954705654,0.00558223235620008,0,0,0,0,0,0,0,0,0,0
Singapore,United Kingdom,Import,  All Products,AHS Weighted Average (%),16.5521590431238,,,,,,0.351136314148134,0.0791286889826547,0.079327429063593,0.0296892861308717,0.0194902384816671,0.0230060907280545,0.0267769241493644,0.038831690553853,0.0321724558319704,0,0.0171590442263082,0.0140674190700776,0.0160052768039089,0.0569045919873888,0.0716350025317728,0.0596745434030942,0.0453314590222231,0.056458253441114,0.0648481955203147,0.0636804584051102,0.105083896198548,0.148090827216256,0.11683690910505,0.374221440239119,0.592638642698913,0.0736461070385055,0,0
Singapore,United States,Import,  All Products,AHS Weighted Average (%),3.96599424784965,,,,,,0.0835315848233791,0.00563186870370769,0.00564045624519846,0.00387757625405213,0.0040420577406659,0.00391204516989231,0.00335251173882035,0.00356530447193962,0.00235553490848346,0,0,0.00293357867337987,0,0,0,0,0.0187742613728643,0,0,0,0,0,0,0,0,0,0,0
Singapore,United States Minor Outlying I,Import,  All Products,AHS Weighted Average (%),,,,,,,,,,,,0,,0,,,,,,,,,0,0,0,0,0,0,0,0,0,0,0,0
Singapore,Unspecified,Import,  All Products,AHS Weighted Average (%),10.8283514458322,,,,,,0.0423776783639871,0.00117123398092933,0.00118485868495954,0.000991649701820033,0.0514782268914405,,,,0,0,0.0000379993959149878,0.0000268408860766843,0.000131864073276389,0,0,0.0539700773992619,0,0,0,0,0,0,0,0,0,0,0,0
Singapore,Uruguay,Import,  All Products,AHS Weighted Average (%),0,,,,,,0,0,0,0,0,0,0,0,0,0,0,0,0,0,0,0,0.182779833087994,0,2.10114999668083,2.06364624362284,0,0,0,0,0,0,0,0
Singapore,Us Msc.Pac.I,Import,  All Products,AHS Weighted Average (%),0,,,,,,0,0,0,0,0,,,,,,,,,,,,,,,,,,,,,,,
Singapore,Uzbekistan,Import,  All Products,AHS Weighted Average (%),,,,,,,,,,,0,0,,0,,,,,,,,,0,0,0,0,0,0,0,0,0,0.00206261142575483,0.00172859789047755,0
Singapore,Vanuatu,Import,  All Products,AHS Weighted Average (%),,,,,,,0,,,0,0,0,0,0,0,0,0,0,0,0,0,0,0,0,0,0,0,0.00470803114665317,0,0,0,0,0,0
Singapore,Venezuela,Import,  All Products,AHS Weighted Average (%),12.6829646191107,,,,,,0,0,0,0,0.0201659209551952,0.00516079468019908,0,0,0,0,0,0,0,0,0,0.000008349161189385,0.00188186587766655,0,0,0,0,0.000121775847478924,0.000111769228863282,0.000360313989308017,0,0,0,0
Singapore,Vietnam,Import,  All Products,AHS Weighted Average (%),,,,,,,0.0746261753397607,0,0,0.0158386191630468,0.00447096592837841,0.00544658833119276,0.0101203533394897,0.00817966489547524,0,0,0.00697959612878544,0,0,0,0,0,0.35576283134181,0,0,0,0,0,0,0,0,0,0,0
Singapore,Wallis and Futura Isl.,Import,  All Products,AHS Weighted Average (%),,,,,,,,,,,,,,,,,,,,,,,,,0,0,0,0,0,0,0,0,0,0
Singapore,Western Sahara,Import,  All Products,AHS Weighted Average (%),,,,,,,,,,,,,0,,,,,,0,,,0,,,,,,,,,,0,0,0
Singapore,Yemen,Import,  All Products,AHS Weighted Average (%),1.53272159442874,,,,,,0,0,0,0,0,0,0,0,0,0,0,0,0,0,0,0,0,0,0,0,0,0,0,0,0,0,0,0
Singapore,Yemen Democratic,Import,  All Products,AHS Weighted Average (%),13.4609962511471,,,,,,,,,,,,,,,,,,,,,,,,,,,,,,,,,
Singapore,"Yugoslavia,FR(Serbia/Montenegr",Import,  All Products,AHS Weighted Average (%),4.96363441500245,,,,,,,,,,,,,,,,,,,,,,,,,,,,,,,,,
Singapore,Zambia,Import,  All Products,AHS Weighted Average (%),0,,,,,,0,0,0,0,0,0,0,0,0,0,0,0,0,0,0,0,0,0,0,0,0,0,0,0,0,0,0,0
Singapore,Zimbabwe,Import,  All Products,AHS Weighted Average (%),,,,,,,0,0,0,0,0,0,0,0,0,0,0,0,0,0,0,0,0,0,0,0,0,0,0,0,0,0,0,0